Type,Name,Email,Phone,Website,Address,Specialty,Rating
Hotel,Ala Moana Honolulu by Mantra,,(808) 955-4811,https://www.alamoanahotelhonolulu.com/,"410 Atkinson Dr, Honolulu, HI 96814",,4.1
Hotel,Aqua Aloha Surf Waikiki Hotel,info@aquaaston.com,(808) 923-0222,https://www.aquaaston.com/hotels/aqua-aloha-surf-waikiki,"444 Kānekapōlei St C3, Honolulu, HI 96815",,3.4
Hotel,Aston Waikiki Circle Hotel,info@aquaaston.com,(808) 923-1571,https://www.aquaaston.com/hotels/aston-waikiki-circle-hotel,"2464 Kalākaua Ave, Honolulu, HI 96815",,4.1
Hotel,"Aulani, A Disney Resort & Spa",info@disneyaulani.com,(866) 443-4763,https://www.disneyaulani.com/?CMP=OKC-16108664_GM_AUL_resort_aulani_NA,"92-1185 Aliinui Dr, Kapolei, HI 96707",,4.6
Hotel,"Aulani, Disney Vacation Club Villas Preview Center",info@disneyvacationclub.disney.go.com,(808) 674-6200,https://disneyvacationclub.disney.go.com/preview-centers/hawaii/?CMP=OKC-dlr_gmap_437,"92-1185 Aliinui Dr, Kapolei, HI 96707",,4.7
Hotel,Beach Villas at Ko Olina AOAO,info@beachvillasaoao.com,(808) 469-3575,https://beachvillasaoao.com/,"92-106 Waialii Pl, Kapolei, HI 96707",,4.7
Hotel,Castle Ilikai Tower,info@castleresorts.com,(808) 955-7327,http://www.castleresorts.com/Home/accommodations/ilikai-tower,"1777 Ala Moana Blvd, Honolulu, HI 96815",,4.6
Hotel,Courtyard by Marriott Waikiki Beach,info@marriott.com,(808) 954-4000,https://www.marriott.com/en-us/hotels/hnlow-courtyard-waikiki-beach/overview/?scid=f2ae0541-1279-4f24-b197-a979c79310b0,"400 Royal Hawaiian Ave, Honolulu, HI 96815",,3.7
Hotel,Embassy Suites by Hilton Oahu Kapolei,info@hilton.com,(808) 674-8222,https://www.hilton.com/en/hotels/jrfokes-embassy-suites-oahu-kapolei/?SEO_id=GMB-AMER-ES-JRFOKES&y_source=1_ODIyMDEwNC03MTUtbG9jYXRpb24ud2Vic2l0ZQ%3D%3D,"725 Manawai St, Kapolei, HI 96707",,4.5
Hotel,FIRST CABIN INTERNATIONAL HAWAII,Statesinfo@first-cabin.us,(808) 207-5000,https://first-cabin.us/,"Waikiki Business Plaza 14th Floor, 2270 Kalākaua Ave Suite1400, Honolulu, HI 96815",,3.8
Hotel,Four Seasons Resort Oahu at Ko Olina,info@fourseasons.com,(808) 679-0079,https://www.fourseasons.com/oahu/?utm_source=google&utm_medium=organicsearch&utm_campaign=tor-oah-hre-mid-seo-na&utm_content=na-na&utm_term=na,"92-1001 Olani St, Kapolei, HI 96707",,4.6
Hotel,Hampton Inn & Suites Oahu/Kapolei,info@hilton.com,(808) 730-0055,https://www.hilton.com/en/hotels/jrfhxhx-hampton-suites-oahu-kapolei/?SEO_id=GMB-AMER-HX-JRFHXHX&y_source=1_MzgxMDg5Ni03MTUtbG9jYXRpb24ud2Vic2l0ZQ%3D%3D,"91-5431 Kapolei Pkwy suite 900, Kapolei, HI 96707",,4.5
Hotel,Hawaii Island Resort,frontdesk@hawaiiislandresort.com,(808) 785-6456,https://www.hawaiiislandresort.com/,"94-6263 Kamaoa Rd Box 756, Naalehu, HI 96772",,4.5
Hotel,Hilton Garden Inn Waikiki Beach,info@hilton.com,(808) 892-1820,https://www.hilton.com/en/hotels/hnlkugi-hilton-garden-inn-waikiki-beach/?SEO_id=GMB-AMER-GI-HNLKUGI&y_source=1_MzM1NTMzNi03MTUtbG9jYXRpb24ud2Vic2l0ZQ%3D%3D,"2330 Kūhiō Ave., Honolulu, HI 96815",,4.1
Hotel,Hilton Hawaiian Village Waikiki Beach Resort,info@hilton.com,(808) 949-4321,https://www.hilton.com/en/hotels/hnlhvhh-hilton-hawaiian-village-waikiki-beach-resort/?SEO_id=GMB-AMER-HH-HNLHVHH&y_source=1_NzIxNzUzLTcxNS1sb2NhdGlvbi53ZWJzaXRl,"2005 Kālia Rd, Honolulu, HI 96815",,4.2
Hotel,Hilton Waikiki Beach Resort & Spa,info@hilton.com,(808) 922-0811,https://www.hilton.com/en/hotels/hnlwahf-hilton-waikiki-beach-resort-and-spa/?SEO_id=GMB-AMER-HH-HNLWAHF&y_source=1_MTIyMDg1MC03MTUtbG9jYXRpb24ud2Vic2l0ZQ%3D%3D,"2500 Kūhiō Ave., Honolulu, HI 96815",,4.0
Hotel,Holiday Inn Express Waikiki by IHG,reservations@hiexwaikiki.com,(808) 947-2828,https://www.ihg.com/holidayinnexpress/hotels/us/en/honolulu/hnlka/hoteldetail?cm_mmc=GoogleMaps-_-EX-_-US-_-HNLKA,"2058 Kūhiō Ave., Honolulu, HI 96815",,3.9
Hotel,Hyatt Regency Waikiki Beach Resort and Spa,info@hyatt.com,(808) 923-1234,https://www.hyatt.com/hyatt-regency/en-US/hnlrw-hyatt-regency-waikiki-beach-resort-and-spa?src=corp_lclb_google_seo_hnlrw&utm_source=google&utm_medium=organic&utm_campaign=lmr,"2424 Kalākaua Ave, Honolulu, HI 96815",,4.3
Hotel,Kaimana Beach Hotel,info@kaimana.com,(808) 923-1555,https://www.kaimana.com/?utm_source=google-gbp&utm_medium=organic&utm_campaign=gbp,"2863 Kalākaua Ave, Honolulu, HI 96815",,4.4
Hotel,Ke Iki Beach Bungalows,info@keikibeach.com,(808) 638-8229,http://www.keikibeach.com/,"59-579 Ke Iki Rd, Haleiwa, HI 96712",,4.6
Hotel,Ko Olina Beach Villas Ocean Tower,reservations@beachvillaresort.com,(808) 726-2878,http://beachvillaresort.com/,"92-102 Waialii Pl, Kapolei, HI 96707",,4.8
Hotel,Ko Olina Resort,info@koolina.com,(808) 671-2512,http://koolina.com/,"92-1047 Olani St Unit 1206, Kapolei, HI 96707",,4.6
Hotel,Ko'olina,info@koolina.com,,http://koolina.com/,"92-161 Waipahe Pl, Kapolei, HI 96707",,4.4
Hotel,Marriott's Ko Olina Beach Club,info@marriott.com,(808) 679-4700,https://www.marriott.com/en-us/hotels/hnlko-marriotts-ko-olina-beach-club/overview/?scid=f2ae0541-1279-4f24-b197-a979c79310b0,"Hawaii Tax ID # TA, 92-161 Waipahe Place, 070 692-2496 #03, Kapolei, HI 96707",,4.6
Hotel,"Moana Surfrider, A Westin Resort & Spa, Waikiki Beach",info@marriott.com,(808) 922-3111,https://www.marriott.com/en-us/hotels/hnlwi-moana-surfrider-a-westin-resort-and-spa-waikiki-beach/overview/?scid=f2ae0541-1279-4f24-b197-a979c79310b0,"2365 Kalākaua Ave, Honolulu, HI 96815",,4.4
Hotel,OUTRIGGER Reef Waikiki Beach Resort,info@outrigger.com,(808) 923-3111,https://www.outrigger.com/hawaii/oahu/outrigger-reef-waikiki-beach-resort,"2169 Kālia Rd, Honolulu, HI 96815",,4.5
Hotel,OUTRIGGER Waikīkī Paradise Hotel,info@outrigger.com,(808) 922-5353,https://www.outrigger.com/hawaii/oahu/outrigger-waikiki-paradise-hotel,"150 Kaʻiulani Ave, Honolulu, HI 96815",,4.0
Hotel,Ohia Waikiki Studio Suites,aloha@ohiawaikiki.com,(808) 926-6442,https://www.ohiawaikiki.com/?utm_source=GMB&utm_medium=listing&utm_campaign=GMB,"2280 Kūhiō Ave., Honolulu, HI 96815",,3.1
Hotel,Outrigger Waikiki Beach Resort,info@outriggerwaikikihotel.com,(808) 923-0711,https://www.outriggerwaikikihotel.com/,"2335 Kalākaua Ave, Honolulu, HI 96815",,4.5
Hotel,Pacific Marina Inn,aloha@pacificmarinainn.com,(808) 836-1131,https://www.pacificmarinainn.com/?utm_source=google&utm_medium=organic&utm_campaign=gbp,"2628 Waiwai Loop, Honolulu, HI 96819",,3.3
Hotel,Pagoda Hotel,reservations@pagodahotel.com,(808) 941-6611,https://www.pagodahotel.com/?utm_source=google-gbl&utm_medium=organic&utm_campaign=website-gbl,"1525 Rycroft St, Honolulu, HI 96814",,3.7
Hotel,Park Shore Waikiki Hotel,info@parkshorewaikiki.com,(808) 923-0411,http://www.parkshorewaikiki.com/,"2586 Kalākaua Ave, Honolulu, HI 96815",,4.2
Hotel,Residence Inn by Marriott Oahu Kapolei,info@marriott.com,(808) 674-4480,https://www.marriott.com/en-us/hotels/hnlri-residence-inn-oahu-kapolei/overview/?scid=f2ae0541-1279-4f24-b197-a979c79310b0,"731 Kunehi St, Kapolei, HI 96707",,4.1
Hotel,Royal Kona Resort,info@royalkona.com,(808) 329-3111,https://www.royalkona.com/?utm_source=gmb+listing&utm_medium=organic,"75-5852 Ali‘i Dr, Kailua-Kona, HI 96740",,4.1
Hotel,Sheraton Princess Kaiulani Waikiki Beach,info@marriott.com,(808) 922-5811,https://www.marriott.com/en-us/hotels/hnlks-sheraton-princess-kaiulani-waikiki-beach/overview/?scid=f2ae0541-1279-4f24-b197-a979c79310b0,"120 Kaʻiulani Ave, Honolulu, HI 96815",,3.9
Hotel,Sheraton Waikiki Beach Resort,info@marriott.com,(808) 922-4422,https://www.marriott.com/en-us/hotels/hnlws-sheraton-waikiki-beach-resort/overview/?scid=f2ae0541-1279-4f24-b197-a979c79310b0,"2255 Kalākaua Ave, Honolulu, HI 96815",,4.4
Hotel,Stay Hotel Waikiki,res@stayhotelwaikiki.com,(808) 923-7829,http://www.stayhotelwaikiki.com/,"2424 Koa Ave, Honolulu, HI 96815",,3.5
Hotel,The Kahala Hotel & Resort,info@kahalaresort.com,(808) 369-9471,https://www.kahalaresort.com/?nck=8083699471&utm_source=Google&utm_medium=GMB&utm_campaign=resort,"Kahala Resort, 5000 Kahala Ave #5000, Honolulu, HI 96816",,4.6
Hotel,"The Ritz-Carlton O‘ahu, Turtle Bay",info@ritzcarlton.com,(808) 293-6000,https://www.ritzcarlton.com/en/hotels/hnlkz-the-ritz-carlton-oahu-turtle-bay/overview/?scid=f2ae0541-1279-4f24-b197-a979c79310b0,"57-091 Kamehameha Hwy, Kahuku, HI 96731",,4.5
Hotel,"The Royal Hawaiian, a Luxury Collection Resort, Waikiki",info@marriott.com,(808) 923-7311,https://www.marriott.com/en-us/hotels/hnllc-the-royal-hawaiian-a-luxury-collection-resort-waikiki/overview/?scid=f2ae0541-1279-4f24-b197-a979c79310b0,"2259 Kalākaua Ave, Honolulu, HI 96815",,4.4
Hotel,The Twin Fin Hotel,info@twinfinwaikiki.com,(808) 922-2511,https://www.twinfinwaikiki.com/?utm_source=google-gbp&utm_medium=organic&utm_campaign=gbp,"2570 Kalākaua Ave, Honolulu, HI 96815",,4.0
Hotel,Waikiki Beach Marriott Resort & Spa,info@marriott.com,(808) 922-6611,https://www.marriott.com/en-us/hotels/hnlmc-waikiki-beach-marriott-resort-and-spa/overview/?scid=f2ae0541-1279-4f24-b197-a979c79310b0,"2552 Kalākaua Ave, Honolulu, HI 96815",,4.3
Hotel,Waikiki Heritage Hotel,reservations@waikikiheritagehotel.com,(808) 260-1061,https://www.waikikiheritagehotel.com/,"260 Beach Walk #101, Honolulu, HI 96815",,2.8
Hotel,Waikiki Resort Hotel,info@waikikiresort.com,(808) 922-4911,https://www.waikikiresort.com/,"2460 Koa Ave, Honolulu, HI 96815",,4.0
Hotel,‘Alohilani Resort Waikiki Beach,info@alohilaniresort.com,(808) 922-1233,https://www.alohilaniresort.com/,"2490 Kalākaua Ave, Honolulu, HI 96815",,4.1
architect,AHL (Architects Hawaii Ltd.),talk.generalinfo@ahl.designmedia,(808) 523-9636,http://www.ahl.design/,"733 Bishop St #3100, Honolulu, HI 96813",commercial design,5.0
architect,American Institute of Architects,contact@aiahonolulu.org,(808) 628-7243,http://www.aiahonolulu.org/,"828 Fort Street Mall #100, Honolulu, HI 96813",commercial design,5.0
architect,Architects Pacific Inc,api@architectspacificinc.com,(808) 737-8853,http://architectspacificinc.com/,"938 Kapahulu Ave, Honolulu, HI 96816",commercial design,5.0
architect,Benjamin Woo Architects,admin@bwa-hi.com,(808) 591-6616,http://bwa-hi.com/,"600 Kapiolani Blvd., The One Kapi'olani Building, 600 Kapiolani Blvd Suite 402B, Honolulu, HI 96813",commercial design,5.0
architect,Dean Sakamoto Architects LLC/SHADE,96817info@dsarch.netTel,(808) 591-5558,http://www.dsarch.net/,"99 N King St, Honolulu, HI 96817",commercial design,5.0
architect,Design Partners Incorporated,info@designpartnersinc.com,(808) 949-0044,https://www.designpartnersinc.com/,"560 Halekauwila St, Honolulu, HI 96813",commercial design,4.0
architect,District Architecture + Design,info@districtarchitects.comphone,(808) 282-6712,https://www.districtarchitects.com/,"735 Bishop St Suite 230, Honolulu, HI 96813",commercial design,
architect,FAI Architects,info@fai-architects.com,(808) 941-3000,http://www.fai-architects.com/,"1600 Kapiolani Blvd # 1700, Honolulu, HI 96814",architecture,3.0
architect,FSC Architects,info@fscarchitects.com,(808) 352-5299,http://www.fscarchitects.com/,"Pacific Guardian Center, Mauka Tower, 737 Bishop St Suite 1860, Honolulu, HI 96813",commercial design,5.0
architect,Ferraro Choi And Associates Ltd.,info@ferrarochoi.com,(808) 533-8880,http://www.ferrarochoi.com/,"1240 Ala Moana Blvd #510, Honolulu, HI 96814",commercial design,5.0
architect,"Fritz Johnson, Inc.",info@fritzjohnsoninc.com,(808) 536-2767,http://fritzjohnsoninc.com/,"31 N King St Suite 2, Honolulu, HI 96817",commercial design,5.0
architect,"Hawaii Architects, Welch and Weeks LLC",96813WELCHANDWEEKSINFO@GMAIL.COMMailing,(808) 585-8522,http://welchandweeks.com/,"1 Aloha Tower Dr, Honolulu, HI 96813",commercial design,5.0
architect,"InForm Design, Inc.",info@inform.design,(808) 946-3676,https://inform.design/,"1357 Kapiolani Blvd #850, Honolulu, HI 96814",architecture,5.0
architect,Lapis Design Partners,info@lapishawaii.com,(808) 545-4000,https://www.lapishawaii.com/,"1188 Bishop St STE 2506, Honolulu, HI 96813",architecture,5.0
architect,Longhouse Design+Build,email@lai-hawaii.com,(808) 521-1467,http://www.longhousehawaii.com/,"1100 Alakea St STE 300, Honolulu, HI 96813",commercial design,5.0
architect,MGA Architecture LLC,info@mgahawaii.com,(808) 791-7171,http://mgahawaii.com/,"677 Ala Moana Blvd Suite 705, Honolulu, HI 96813",architecture,3.7
architect,Mason Architects Inc,info@masonarch.com,(808) 536-0556,http://www.masonarch.com/,"119 Merchant St #501, Honolulu, HI 96813",commercial design,5.0
architect,Next Design,mail@nextdesignllc.com,(808) 440-2780,http://nextdesignllc.com/,"1003 Bishop St # 2000, Honolulu, HI 96813",commercial design,4.3
architect,Omizu Architecture,info@omizuarch.com,(808) 589-2020,https://omizuarch.com/,"615 Piikoi St #501, Honolulu, HI 96814",architecture,5.0
architect,Prowork Pacific Inc.,info@proworkpacific.com,(808) 304-8871,https://www.proworkpacific.com/,"100 N Beretania St Suite 114, Honolulu, HI 96817",commercial design,5.0
architect,RMA Architects Inc.,info@rmaia-architects.com,(808) 591-1818,https://rmaia-architects.com/,"1150 S King St # 800, Honolulu, HI 96814",commercial design,4.5
architect,WCIT Architecture,info@wcit.com,(808) 592-2345,http://www.wcitarch.com/,"725 Kapiolani Blvd, Honolulu, HI 96813",commercial design,5.0
architect,"WhiteSpace Architects, Inc.",communications@whitespacearchitects.com,(808) 596-0260,http://www.whitespacearchitects.com/,"4747 Kilauea Ave #201, Honolulu, HI 96816",commercial design,5.0
architect,hiarchy llp,info@hiarchy.net,(808) 721-3411,http://www.hiarchy.net/,"1188 Fort Street Mall #201, Honolulu, HI 96813",commercial design,5.0
casino,Blue Note Hawaii,info@bluenotehawaii.com,(808) 777-4890,http://www.bluenotehawaii.com/,"2335 Kalākaua Ave, Honolulu, HI 96815",gaming,4.4
casino,Go Tours Hawaii,info@gotourshawaii.com,(808) 926-3090,http://gotourshawaii.com/,"2500 Kalākaua Ave E, Honolulu, HI 96815",gaming,4.9
casino,Hawaii Okinawa Center Legacy Ballroom,ClosedEmailinfo@huoa.org,(808) 676-5400,http://huoa.org/,"94-587 Ukeʻe Street, Waipahu, HI 96797",gaming,4.6
casino,Hilton Hawaiian Village Waikiki Beach Resort,info@hilton.com,(808) 949-4321,https://www.hilton.com/en/hotels/hnlhvhh-hilton-hawaiian-village-waikiki-beach-resort/?SEO_id=GMB-AMER-HH-HNLHVHH&y_source=1_NzIxNzUzLTcxNS1sb2NhdGlvbi53ZWJzaXRl,"2005 Kālia Rd, Honolulu, HI 96815",gaming,4.2
casino,Hilton Waikiki Beach Resort & Spa,info@hilton.com,(808) 922-0811,https://www.hilton.com/en/hotels/hnlwahf-hilton-waikiki-beach-resort-and-spa/?SEO_id=GMB-AMER-HH-HNLWAHF&y_source=1_MTIyMDg1MC03MTUtbG9jYXRpb24ud2Vic2l0ZQ%3D%3D,"2500 Kūhiō Ave., Honolulu, HI 96815",gaming,4.0
casino,Jungle Fun Island,marketing@funfactoryinc.com,(808) 949-4905,https://www.funfactorygames.com/oahu/jungle-fun-island,"1450 Ala Moana Blvd #1218, Honolulu, HI 96814",gaming,4.1
casino,Lucky Strike Honolulu,23111GuestService@BowleroCorp.comEvent,(808) 664-1140,https://www.luckystrikeent.com/location/lucky-strike-honolulu?utm_source=gbp&utm_medium=organic&utm_campaign=yext_listings,"1450 Ala Moana Blvd Suite 3260, Honolulu, HI 96814",gaming,4.2
casino,Majestic by Atlantis Cruises,info@majestichawaii.com,(808) 973-9811,https://majestichawaii.com/,"301 Aloha Tower Drive, Pier 6, Honolulu, HI 96813",gaming,4.4
casino,OUTRIGGER Reef Waikiki Beach Resort,info@outrigger.com,(808) 923-3111,https://www.outrigger.com/hawaii/oahu/outrigger-reef-waikiki-beach-resort,"2169 Kālia Rd, Honolulu, HI 96815",gaming,4.5
casino,Outrigger Waikiki Beach Resort,info@outriggerwaikikihotel.com,(808) 923-0711,https://www.outriggerwaikikihotel.com/,"2335 Kalākaua Ave, Honolulu, HI 96815",gaming,4.5
casino,Pagoda Hotel,reservations@pagodahotel.com,(808) 941-6611,https://www.pagodahotel.com/?utm_source=google-gbl&utm_medium=organic&utm_campaign=website-gbl,"1525 Rycroft St, Honolulu, HI 96814",gaming,3.7
casino,Paradise Bay Resort,info@paradisebayresort.com,(808) 239-5711,http://www.paradisebayresort.com/,"47-039 Lihikai Dr, Kaneohe, HI 96744",gaming,4.2
casino,Prince Waikiki,info@princewaikiki.com,(855) 622-7558,https://www.princewaikiki.com/?utm_source=google-gbp&utm_medium=organic&utm_campaign=gbp,"100 Holomoana St 3rd Floor, Honolulu, HI 96815",gaming,4.5
casino,Regal Dole Cannery,info@regmovies.com,(844) 462-7342,https://www.regmovies.com/theatres/regal-dole-cannery-1828?utm_source=google&utm_medium=organic&utm_campaign=gmb-listing,"735 B Iwilei Rd, Honolulu, HI 96817",gaming,4.1
casino,Star of Honolulu,reservations@royalstarhawaii.com,(808) 983-7730,https://starofhonolulu.com/,"Aloha Tower Marketplace, Pier 8, 1 Aloha Tower Dr, Honolulu, HI 96813",gaming,4.4
casino,The Orleans - Casino Marketing,info@orleanscasino.com,(808) 951-7111,http://www.orleanscasino.com/,"1585 Kapiolani Blvd, Honolulu, HI 96814",gaming,5.0
casino,Waikiki Monarch Hotel,info@waikikimonarchhotel.com,(808) 945-3444,http://waikikimonarchhotel.com/,"444 Niu St, Honolulu, HI 96815",gaming,3.4
casino,Waikiki Resort Hotel,info@waikikiresort.com,(808) 922-4911,https://www.waikikiresort.com/,"2460 Koa Ave, Honolulu, HI 96815",gaming,4.0
casino,Waikīkī Grand Hotel®,info@thewgh.com,(808) 923-1511,https://www.waikikigrandhotel.com/,"134 Kapahulu Ave, Honolulu, HI 96815",gaming,3.9
casino,Waiʻalae Country Club,info@waialaecc.com,(808) 734-2151,https://waialaecc.com/,"4997 Kahala Ave, Honolulu, HI 96816",gaming,4.5
construction,Atlas Construction Inc.,info@atlasconstruction808.com,(808) 951-9500,https://atlasconstruction808.com/,"2222 Kamehameha Hwy, Honolulu, HI 96819",new construction,4.6
construction,Beyond Builders,Projects@bb-hi.comOr,(808) 202-4619,https://bb-hi.com/,"835 Kawaiaha‘o St Suite 3, Honolulu, HI 96813",new construction,4.8
construction,Ching Construction,chingcrew@chingconstruction.comLicensing,(808) 842-1844,http://www.chingconstruction.com/,"730 Moowaa St D, Honolulu, HI 96817",new construction,4.5
construction,Constructors Hawaii Inc.,Usinfo@constructorshawaii.com,(808) 848-2455,http://www.constructorshawaii.com/,"1728 Kahai St, Honolulu, HI 96819",new construction,3.5
construction,Fu Long Construction,info@flchawaii.com,(808) 589-7777,http://flchawaii.com/,"1095 Dillingham Blvd Suite 108, Honolulu, HI 96817",new construction,4.7
construction,General Contractors Oahu,info@oahugeneralcontractors.com,(808) 707-8817,http://www.oahugeneralcontractors.com/,"2649 Waolani Ave, Honolulu, HI 96817",new construction,5.0
construction,"Graham Builders, Inc.",ClientCare@grahambuilders.com,(808) 593-2808,http://www.grahambuilders.com/,"1144 Young St, Honolulu, HI 96814",new construction,4.6
construction,"H-1 Construction, LLC",info@h1constructionhawaii.com,(808) 723-1588,https://www.h1constructionhawaii.com/,"868 Puuomao St, Honolulu, HI 96825",new construction,4.4
construction,HK Construction,in**@*******ii.com,(808) 841-1800,http://hkchawaii.com/,"2046 S King St, Honolulu, HI 96826",new construction,4.3
construction,Hawaiian Dredging Construction Company,DDR5hotline@dhojv.com,(808) 735-3211,https://www.hdcc.com/,"605 Kapiolani Blvd, Honolulu, HI 96813",new construction,4.6
construction,"Homeworks Construction, Inc.",info@homeworkshawaii.com,(808) 955-2777,https://homeworkshawaii.com/,"2111 S Beretania St., Honolulu, HI 96826",new construction,4.9
construction,Kokua Construction,info@kokuaconstruction.com,(808) 343-9349,https://www.kokuaconstruction.com/,"922 Austin Ln, Honolulu, HI 96817",new construction,5.0
construction,Nan Inc,info@nanhawaii.com,(808) 842-4929,http://www.nanhawaii.com/,"636 Laumaka St, Honolulu, HI 96819",new construction,4.6
construction,"Nordic PCL Construction, Inc.",info@pcl.com,(808) 541-9101,https://www.pcl.com/us/en/who-we-are/our-offices/nordic-pcl-construction,"1099 Alakea St STE 1600, Honolulu, HI 96813",new construction,4.6
construction,"Ohana Construction, Inc.",info@ohanaconstruction.com,(808) 374-5855,http://www.ohanaconstruction.com/,"2144 Kauhana St, Honolulu, HI 96816",new construction,4.8
construction,Ralph S Inouye Co Ltd,info@rsinouye.com,(808) 839-9002,https://www.rsinouye.com/,"500 Alakawa St rm 220e, Honolulu, HI 96817",new construction,4.2
construction,"S. Tanaka Construction, LLC",info@stanakaconstruction.com,(808) 848-5010,http://stanakaconstruction.com/,"1349 Mookaula St, Honolulu, HI 96817",new construction,5.0
construction,"Solid Built Construction, Inc",apply.Lex@solidbuilthomes.comSolid,(808) 785-3612,http://www.solidbuilthomes.com/,"469 Kekupua St, Honolulu, HI 96825",new construction,5.0
construction,Tal Builders,info@talbuilders.com,(808) 501-9916,https://www.talbuilders.com/,"439 Kamani St #200, Honolulu, HI 96813",new construction,4.7
developer,ALOHA HOMES,info@alohahomesagents.com,(808) 393-9966,http://www.alohahomesagents.com/,"91-1121 Keaunui Dr Suite 108/ #190, Ewa Beach, HI 96706",development,4.9
developer,Damon Hawaii Pacific International Properties - Best Residential & Commercial Real Estate Agents and Realtor in Honolulu,damon@hawaiidamon.com,(808) 358-2331,http://live.hawaiidamon.com/,"1050 Queen St # 100, Honolulu, HI 96814",development,5.0
developer,Hawai'i Americana Realty,info@shopoahuproperties.com,(808) 791-2923,http://shopoahuproperties.com/?utm_source=Yext%20GMB&utm_medium=Organic&utm_campaign=Yext,"134 Kapahulu Ave B, Honolulu, HI 96815",development,4.5
developer,Hawaii Home Buyers,Info@hawaiihomebuyerz.com,(808) 444-3039,https://www.hawaiihomebuyerz.com/,"581 Kamoku St Apartment 3704, Honolulu, HI 96826",development,5.0
developer,Hawaii Property Advisors,clients@hpahomes.com,(808) 223-9222,https://www.hpahomes.com/,"500 Ala Moana Blvd ste 7-400, Honolulu, HI 96813",development,5.0
developer,Hawaii Sands Realty,info@hawaiisands.com,(808) 664-3084,http://www.hawaiisands.com/,"1888 Kalākaua Ave Suite C-312, Honolulu, HI 96815",development,4.9
developer,Howard Richmond-Richmond Realty Hawaii,info@richmondrealtyhawaii.com,(808) 284-1004,http://richmondrealtyhawaii.com/,"500 Lunalilo Home Rd APT 13D, Honolulu, HI 96825",development,4.8
developer,Jill M Ward | Homes of Hawai'i Real Estate,jillward808@gmail.com,(808) 783-0183,http://www.jillward808.com/,"315 Uluniu St #201a, Kailua, HI 96734",development,5.0
developer,Jinshi Hawaii Development LTD.,info@goldenlionus.com,(808) 388-3096,http://goldenlionus.com/,"1188 Bishop St STE 2003, Honolulu, HI 96813",development,1.0
developer,"Kaleo Ahina Realtor - Engel & Völkers Honolulu Kahala Best Real Estate Agent in Kailua, Hawaii",kaleo@hawaiirealtygrp.com,(808) 542-6744,http://www.hawaiirealtygrp.com/,"4210 Waialae Ave #119, Honolulu, HI 96816",development,5.0
developer,"Kimi Correa Broker LUVA Real Estate Kailua, Oahu",info@kimicorrea.realtor,(808) 222-3047,http://www.kimicorrea.realtor/,"970 N Kalaheo Ave a110, Kailua, HI 96734",development,5.0
developer,Kinga Mills Hawaii | Oahu Real Estate | eXp Realty,info@kingamills.com,(808) 722-3985,http://www.kingamills.com/,"500 Ala Moana Blvd ste 7-400, Honolulu, HI 96813",development,5.0
developer,Lux Properties Hawaii - Michelle Wood Realtor,USAmichellewood@hawaiilife.comLicense,(808) 218-2899,http://www.luxurypropertieshawaii.com/,"2863 Kalākaua Ave #6, Honolulu, HI 96815",development,5.0
developer,Luxury Big Island Hawaii Luxury Real Estate,harold@luxurybigisland.com,(808) 201-4686,https://luxurybigisland.com/?utm_source=Google&utm_medium=GBP&utm_campaign=Google+,"1003 Bishop St, Honolulu, HI 96813",development,5.0
developer,MacNaughton,info@macnaughton.com,(808) 545-7722,https://www.macnaughton.com/,"1288 Ala Moana Blvd # 208, Honolulu, HI 96814",development,5.0
developer,Mark Development Inc,properties@mdihawaii.com,(808) 735-9099,https://www.mdihawaii.com/,"3165 Waialae Ave #200, Honolulu, HI 96816",development,3.1
developer,"Staci Wolff - Big Island and Oahu, Hawaii's Favorite Real Estate Agent - Brokered by Real Broker",staci@staciwolff.com,(808) 208-3785,http://starcfrolic.com/,"500 Ala Moana Blvd ste 7-400, Honolulu, HI 96813",development,5.0
developer,Team Wong - Hawaii Real Estate,info@teamwonghawaii.com,(808) 306-7242,http://teamwonghawaii.com/,"46 Hoolai St Suite D, Kailua, HI 96734",development,5.0
developer,The Ihara Team,dani@iharateam.com,(808) 754-2225,https://iharateamhawaii.com/,"1347 Kapiolani Blvd 3rd floor, Honolulu, HI 96814",development,5.0
general_contractor,Atlas Construction Inc.,info@atlasconstruction808.com,(808) 951-9500,https://atlasconstruction808.com/,"2222 Kamehameha Hwy, Honolulu, HI 96819",construction,4.6
general_contractor,Beyond Builders,Projects@bb-hi.comOr,(808) 202-4619,https://bb-hi.com/,"835 Kawaiaha‘o St Suite 3, Honolulu, HI 96813",construction,4.8
general_contractor,Constructors Hawaii Inc.,Usinfo@constructorshawaii.com,(808) 848-2455,http://www.constructorshawaii.com/,"1728 Kahai St, Honolulu, HI 96819",commercial,3.5
general_contractor,Diamond Head Construction LLC,dhcxiao@gmail.combottom,(808) 679-6281,https://www.diamondheadconstructionllc.com/,"702 6th Ave, Honolulu, HI 96816",construction,5.0
general_contractor,Fu Long Construction,info@flchawaii.com,(808) 589-7777,http://flchawaii.com/,"1095 Dillingham Blvd Suite 108, Honolulu, HI 96817",construction,4.7
general_contractor,General Contractors Oahu,info@oahugeneralcontractors.com,(808) 707-8817,http://www.oahugeneralcontractors.com/,"2649 Waolani Ave, Honolulu, HI 96817",construction,5.0
general_contractor,"Graham Builders, Inc.",ClientCare@grahambuilders.com,(808) 593-2808,http://www.grahambuilders.com/,"1144 Young St, Honolulu, HI 96814",construction,4.6
general_contractor,"H-1 Construction, LLC",info@h1constructionhawaii.com,(808) 723-1588,https://www.h1constructionhawaii.com/,"868 Puuomao St, Honolulu, HI 96825",construction,4.4
general_contractor,HK Construction,in**@*******ii.com,(808) 841-1800,http://hkchawaii.com/,"2046 S King St, Honolulu, HI 96826",construction,4.3
general_contractor,Hawaii Home Remodel,designeightllc@gmail.com,(808) 683-6009,https://www.hawaiihomeremodel.com/,"1020 Auahi St #5010, Honolulu, HI 96814",construction,4.5
general_contractor,Hilweh Builders LLC,chad@hilwehbuilders.com,(808) 220-5007,https://hilwehbuilders.com/,,construction,5.0
general_contractor,"Homeworks Construction, Inc.",info@homeworkshawaii.com,(808) 955-2777,https://homeworkshawaii.com/,"2111 S Beretania St., Honolulu, HI 96826",construction,4.9
general_contractor,Hua Construction Inc,info@huaconstructionhi.com,(808) 232-4121,https://www.huaconstructionhi.com/,"1001 Dillingham Blvd Ste 113, Honolulu, HI 96817",construction,4.4
general_contractor,JR BUILDERS LLC,usJames@jrbuildershawaii.comLicense,(808) 781-7807,https://jrbuildershawaii.com/,"46-217 Kahuhipa St Bay # 24, Kaneohe, HI 96744",commercial,5.0
general_contractor,Jen Construction LLC,info@jenco-hi.comAddress,(808) 841-6407,https://www.jenco808.com/,"419 Waiakamilo Rd # 2B, Honolulu, HI 96817",construction,5.0
general_contractor,"Kenwood Construction, LLC",info@kenwoodconstruction.com,(808) 955-7571,http://www.kenwoodconstruction.com/,"848 Queen St, Honolulu, HI 96815",commercial,5.0
general_contractor,Layton Construction,darin.knapp@laytonconstruction.com,(808) 245-8680,http://laytonconstruction.com/,"707 Richards St suite ph-1a, Honolulu, HI 96813",commercial,3.4
general_contractor,Nan Inc,info@nanhawaii.com,(808) 842-4929,http://www.nanhawaii.com/,"636 Laumaka St, Honolulu, HI 96819",construction,4.6
general_contractor,"Ohana Construction, Inc.",info@ohanaconstruction.com,(808) 374-5855,http://www.ohanaconstruction.com/,"2144 Kauhana St, Honolulu, HI 96816",construction,4.8
general_contractor,ProBuilt Hawaii Roofing & Rain Gutters - Oahu,info@probuiltoahu.com,(808) 808-7663,https://probuiltoahu.com/home/,"94-1388 Moaniani St #106, Waipahu, HI 96797",commercial,4.8
general_contractor,Rudenko Construction - Home Remodel,atsupport@rudenko.constructionPhoneCall,(808) 769-6979,https://www.rudenkoconstruction.com/,"591 Pepeʻekeo Pl, Honolulu, HI 96825",commercial,4.7
general_contractor,"S. Tanaka Construction, LLC",info@stanakaconstruction.com,(808) 848-5010,http://stanakaconstruction.com/,"1349 Mookaula St, Honolulu, HI 96817",construction,5.0
general_contractor,"Solid Built Construction, Inc",apply.Lex@solidbuilthomes.comSolid,(808) 785-3612,http://www.solidbuilthomes.com/,"469 Kekupua St, Honolulu, HI 96825",construction,5.0
general_contractor,Tal Builders,info@talbuilders.com,(808) 501-9916,https://www.talbuilders.com/,"439 Kamani St #200, Honolulu, HI 96813",construction,4.7
general_contractor,United Construction Group Hawaii,UCGHawaii@gmail.com,(808) 450-6588,https://ucghawaii.com/?utm_source=google-map&utm_campaign=gmb&utm_medium=organic,"91-1602 Wahane St, Kapolei, HI 96707",commercial,4.9
general_contractor,WQ Construction,wqconstruction808@gmail.com,(808) 260-2875,https://wqconstruction808.com/,"1709 Naio St, Honolulu, HI 96817",construction,5.0
glass_art,"Akamai Glass Company, Inc.",CustomerService@AkamaiGlass.com,(808) 833-1111,https://akamaiglass.com/,"1024 Kikowaena Pl Unit B, Honolulu, HI 96819",stained glass,4.1
glass_art,"Aloha Key, Awards & Gifts",info@alohakey.com,(808) 593-9114,http://www.alohakey.com/,"560 N Nimitz Hwy STE 122B, Honolulu, HI 96817",etching,4.3
glass_art,Aloha Overstock,your@email,(808) 351-1496,http://www.alohaoverstock.com/,"743 Waiakamilo Rd Suite H, Honolulu, HI 96817",etching,4.6
glass_art,Blackstone Hawaii (Engraving Shop),blackstonehawaii808@gmail.comNew,(808) 744-0328,http://www.blackstonehawaii.com/,"861 Mapunapuna St, Honolulu, HI 96819",etching,5.0
glass_art,Clock & Trophy Shop,ctrophyshop@hawaii.twcbc.com,(808) 845-0900,http://clockandtrophyshop.com/,"214 Sand Island Access Rd # A, Honolulu, HI 96819",etching,5.0
glass_art,Daga Hawaii,Dagahawaii@gmail.com,(808) 847-3100,http://www.dagahawaii.com/,"1818 Kahai St, Honolulu, HI 96819",etching,5.0
glass_art,Engroove Shop,378-0753engrooveshop@gmail.comHonolulu,(949) 378-0753,https://engroove-shop.myshopify.com/,,etching,5.0
glass_art,Etched a.k.a “Etched Aloha”,info@etchedaloha.com,(808) 509-8585,https://www.etchedaloha.com/,"905 Kapaa Quarry Pl Building 50 Unit 14, Kailua, HI 96734",etching,5.0
glass_art,Express Engraving Etc,info@expressengravingetc.com,(808) 951-5504,http://www.expressengravingetc.com/,"CONTINENTAL BUILDING, 1519 S King St, Honolulu, HI 96826",etching,4.1
glass_art,Glass Candie Studio,glasscandie808@gmail.com,,https://www.glasscandiestudio.com/,,artistic glass,5.0
glass_art,"High Tide Glass, LLC",HTG96734@gmail.comPhone,(808) 542-0061,http://www.hightideglassoahu.com/,"201 Kapaa Quarry pl. Gate, 3 Bldg 28, Unit 2807, Kailua, HI 96734",artistic glass,5.0
glass_art,HouseMart Ben Franklin Crafts,info@benfranklinhawaii.com,(808) 735-4211,http://www.benfranklinhawaii.com/,"2919 Kapiolani Blvd, Honolulu, HI 96826",stained glass,4.4
glass_art,Joe Dwight's Stained and Hot Glass Creations,joedwightstainedglass@gmail.com,(808) 291-0468,http://joedwightstainedglass.com/,"1295 Ulupii St, Kailua, HI 96734",stained glass,5.0
glass_art,Kaholo Glass Art,kaholo@tnttinting.com,(808) 909-9111,http://www.kahologlassart.com/,"3035 Koapaka St, Honolulu, HI 96819",artistic glass,
glass_art,Makemake Makana LLC,info@tikitiki.com,(808) 484-1415,http://tikitiki.com/,"99-920 Iwaena St # 102, Aiea, HI 96701",etching,4.5
glass_art,Min Plastics & Supply Inc,sales@minplastics.com,(808) 847-1511,http://www.minplastics.com/,"921 Kaamahu Pl, Honolulu, HI 96817",etching,4.9
glass_art,Nohea Gallery,info@noheagallery.com,(808) 762-7407,http://noheagallery.com/,"4211 Waialae Ave, Honolulu, HI 96816",artistic glass,4.7
glass_art,Pacific CraftWorks,chase@pacificcraftworks.com,(808) 839-2345,https://pacificcraftworks.com/,"3219 Koapaka St, Honolulu, HI 96819",etching,4.4
glass_art,R K Specialties Ltd,96814808-944-9780kawanorichard@hotmail.com,(808) 944-9780,https://www.rkspecialties.com/,"1481 S King St #234, Honolulu, HI 96814",etching,4.9
glass_art,Rubber Stamp One Day Service Inc,info@rsods.com,(808) 591-1009,http://rsods.com/,"1140 Kona St, Honolulu, HI 96814",etching,4.8
glass_art,Tabora Gallery Waikiki,taboragallery@gmail.com,(808) 779-4339,http://www.taboragallery.com/,"International Market Place, 2330 Kalākaua Ave #203, Honolulu, HI 96815",artistic glass,4.6
glass_art,The Glass Guru,info@theglassguru.com,(808) 698-6971,https://www.theglassguru.com/locations/honolulu-hi/?utm_source=gmb&utm_medium=profile_website_link,"96-1185 Waihona St c3, Pearl City, HI 96782",stained glass,4.6
glass_art,Tin Can Mailman,info@tincanmailman.net,(808) 524-3009,http://tincanmailman.net/,"1026 Nuuanu Ave # 1A, Honolulu, HI 96817",stained glass,3.5
glass_art,Trophy House,Telephone1-808-596-0455Facsimile1-808-596-7328EmailSales@Trophy-House.comWebsiteTrophy-House.com,(808) 596-0455,http://trophy-house.com/,"1301 S King St, Honolulu, HI 96814",etching,4.7
glass_art,William Grix/Art Glass,wgrix@mac.com,(808) 842-4660,http://www.wgrixartglass.com/,"192 Mohonua Pl # F1, Honolulu, HI 96819",artistic glass,
glass_art,Wyland Galleries,Usinfo@signaturegalleries.comInformationArtistsEventsGalleries,(808) 924-1322,http://www.signaturegalleries.com/,"Waikiki Beach Walk 1st Floor, 226 Lewers St, Honolulu, HI 96815",artistic glass,4.1
glass_art,Zwick Academy of Fine Art,938-3861info@zwickacademyoffineart.com,(808) 938-3861,http://www.zwickacademyoffineart.com/,"1109 Maunakea St #213, Honolulu, HI 96817",artistic glass,5.0
glass_contractor,A-BC Glass & Mirrors Company,CustomerService@AkamaiGlass.com,+1 808-664-3026,http://www.akamaiglass.com/,"1024 Kikowaena Pl, Honolulu, HI 96819, United States",installation,
glass_contractor,Ace Auto Glass,info@aceautoglass.net,(808) 847-3217,https://www.aceautoglass.net/kalihi,"2250 Kamehameha Hwy, Honolulu, HI 96819",repair services,4.5
glass_contractor,Ace Auto Glass McCully,info@aceautoglass.net,(808) 593-2366,https://www.aceautoglass.net/mccully/,"2319 S Beretania St., Honolulu, HI 96826",repair services,4.6
glass_contractor,"Akamai Glass Company, Inc.",CustomerService@AkamaiGlass.com,+1 808-833-1111,https://akamaiglass.com/,"1024 Kikowaena Pl Unit B, Honolulu, HI 96819, United States",installation,4.1
glass_contractor,All Island Rollshutter,info@allislandrollshutter.com,(808) 833-3355,https://www.allislandrollshutter.com/,"944 Ahua St #5, Honolulu, HI 96819",hurricane glass,5.0
glass_contractor,Aloha Mobile Autoglass,awells808@gmail.com,(808) 371-0806,https://www.alohamobileautoglass.com/,"1747 Huli St, Honolulu, HI 96817",repair services,4.4
glass_contractor,CCI Windows,info@cciwindows.com,(808) 483-0100,https://cciwindows.com/,"99-840 ʻIwaʻiwa St #2, Aiea, HI 96701",window installation,3.7
glass_contractor,Cherry Creek Windows & Doors Oahu,info@cherrycreekwindows.com,(808) 744-0020,https://cherrycreekwindows.com/,"1111 Nuuanu Ave, Honolulu, HI 96817",window installation,
glass_contractor,"Coastal Windows, Inc.",sales@coastalwindows.com,(808) 676-0529,http://coastalwindows.com/,"94-533 Puahi St, Waipahu, HI 96797",window installation,4.7
glass_contractor,Contract Glazing Hawaii,info@cghawaii.com,+1 808-841-8700,https://cghawaii.com/,"1074 Mikole St # 3, Honolulu, HI 96819, United States",installation,2.0
glass_contractor,Diamond Glass & Metals LLC,info@diamondglasshawaii.com,+1 808-488-7440,http://www.diamondglasshawaii.com/,"99-134 Waiua Way, Aiea, HI 96701, United States",installation,
glass_contractor,Diamond Head Windows & Doors,info@diamondheadwindows.com,(808) 400-7341,https://diamondheadwindows.com/,"99-1093 Iwaena St Bay G, Aiea, HI 96701",window installation,4.1
glass_contractor,Discount Windows & Doors,info@discountwindowshawaii.com,(808) 673-6656,https://www.discountwindowshawaii.com/,"45-564 Kamehameha Hwy APT A1, Kaneohe, HI 96744",window installation,4.7
glass_contractor,Elite Construction Services,555-555-5555mymail@mailservice.com,+1 808-842-7245,http://www.ecs-hi.com/,"80 Sand Island Access Rd #134, Honolulu, HI 96819, United States",installation,5.0
glass_contractor,Hawaii Mirror & Glass,USAhawaiiglass@yahoo.comOFFICE,+1 808-847-0267,https://www.hawaiiglass.net/,"748 Gulick Ave, Honolulu, HI 96819, United States",installation,3.9
glass_contractor,"HoloHolo Screens - Oahu's Window Screen, New Sliding Screen Door, Custom Screen Porch Enclosures, Jalousie Windows",info@holoholoscreens.com,(808) 374-5433,http://holoholoscreens.com/,"94-547 Uke'e St #112, Waipahu, HI 96797",hurricane glass,4.7
glass_contractor,Island Windows & Doors,info@iwdhawaii.com,+1 808-657-3790,http://iwdhawaii.com/,"131 Mokauea St, Honolulu, HI 96817, United States",installation,4.3
glass_contractor,J M Glass Inc,general@jmglasshawaii.com,+1 808-841-8828,http://www.jmglasshawaii.com/,"2015 Colburn St # A, Honolulu, HI 96819, United States",installation,5.0
glass_contractor,KKTF Hawaii,FreeEstimate@kktfhawaii.com,(808) 200-0562,https://www.kktfhawaii.com/,,hurricane glass,5.0
glass_contractor,Kailua Glass LLC,richard@kailuaglass.com,+1 808-954-2110,http://kailuaglass.net/,"905 Kalanianaʻole Hwy unit D, Kailua, HI 96734, United States",installation,5.0
glass_contractor,O'ahu Windows & Doors,Prestonpreston@oahuwd.comContact,+1 808-783-8528,http://www.oahuwd.com/,,installation,5.0
glass_contractor,Oahu Frameless Showers,451-0236Office@OahuFrameless.com,+1 808-451-0236,https://www.oahuframeless.com/,"905 Kalanianaʻole Hwy #5006, Kailua, HI 96734, United States",installation,5.0
glass_contractor,"Oahu Metal & Glazing, LLC",info@omglazing.com,+1 808-591-1052,https://www.omglazing.com/,"532 Ahui St, Honolulu, HI 96813, United States",installation,4.8
glass_contractor,One Stop Windows & Doors,info@onestopwd.com,(808) 550-2402,http://onestopwd.com/,"650 Iwilei Rd UNIT 105, Honolulu, HI 96817",window installation,1.0
glass_contractor,Pacific Auto Repair Body Shop Glass & Towing,Todaypacificautocenter@yahoo.comFind,(808) 200-4433,https://www.pacificautocollision.com/,"655 Mapunapuna St, Honolulu, HI 96819",repair services,3.8
glass_contractor,"Pearl City Glass Shop, Inc.",sales@pearlcityglass.com,+1 808-456-4502,http://pearlcityglass.com/,"659 Kamehameha Hwy, Pearl City, HI 96782, United States",installation,3.7
glass_contractor,"Pella Windows and Doors Showroom of Honolulu, HI - By Appointment Only",info@pella.com,(808) 841-3200,https://www.pella.com/where-to-buy/showrooms/honolulu-08404/?utm_source=google&utm_medium=organic&utm_campaign=gbp,"560 N Nimitz Hwy Suite 105-B, Honolulu, HI 96817",window installation,2.3
glass_contractor,RMA Sales Co Inc,sales@rmasalesco.com,(808) 487-9041,https://www.rmasalesco.com/,"99-134 Waiua Way, Aiea, HI 96701",hurricane glass,4.9
glass_contractor,RSG RE: Screen & Glass,gonescreening@rescreenandglass.com,(808) 330-6058,http://rescreenandglass.com/,"46-022 Alaloa St Bay H, Kaneohe, HI 96744",commercial glass,4.4
glass_contractor,Reflections Glass Company,info@reflections-glass.com,(808) 676-6767,http://reflections-glass.com/,"94-153 Leonui St, Waipahu, HI 96797",commercial glass,4.4
glass_contractor,Safelite AutoGlass,info@safelite.com,+1 808-762-6370,https://www.safelite.com/stores/Honolulu?utm_source=yext&utm_medium=list&utm_campaign=local&y_source=1_MTc4Njk5NS03MTUtbG9jYXRpb24ud2Vic2l0ZQ%3D%3D,"2815 Koapaka St, Honolulu, HI 96819, United States",installation,4.4
glass_contractor,Savage Wholesale Building Materials,tacomadoorsales@savagewholesale.comGlass,(808) 833-7411,http://www.savagewholesale.com/,"2918 Ualena St, Honolulu, HI 96819",commercial glass,5.0
glass_contractor,Screens & Things,sales@screensandthings.net,+1 808-748-3760,http://www.screensandthings.net/,"2960 Mokumoa St, Honolulu, HI 96819, United States",installation,3.9
glass_contractor,Sunburst Windows,info@sunbursthawaii.com,(808) 427-1164,https://sunbursthawaii.com/,"905 Kalanianaʻole Hwy #3207, Kailua, HI 96734",window installation,4.7
glass_contractor,The Glass Guru,info@theglassguru.com,+1 808-698-6971,https://www.theglassguru.com/locations/honolulu-hi/?utm_source=gmb&utm_medium=profile_website_link,"96-1185 Waihona St c3, Pearl City, HI 96782, United States",installation,4.6
glass_contractor,The Window & Door Store,sales@screensandthings.net,(808) 748-3772,https://www.screensandthings.net/company-information/the-window-and-door-store/,"2347 S Beretania St., Honolulu, HI 96826",window installation,
glass_contractor,Tropical Wholesale,info@tropicalwholesaleonline.com,(808) 263-1252,http://www.tropicalwholesaleonline.com/,"1351 S Beretania St., Honolulu, HI 96814",window installation,4.8
glass_contractor,Window World of Oahu,oahu@windowworld.com,+1 808-670-1414,https://www.windowworldofoahu.com/,"905 Kalanianaʻole Hwy Bldg 50 #06, Kailua, HI 96734, United States",installation,5.0
glass_contractor,Windows Hawai'i,SalesHi@TrustWindowsHawaii.com,(808) 671-0808,http://www.trustwindowshawaii.com/,"91-226 Kauhi St Unit 1B, Kapolei, HI 96707",hurricane glass,4.1
glass_contractor,"Zion Glass Company, Inc.",441-9905zgcincorp@gmail.comHours,+1 808-366-8062,http://www.zionglasscoinc.com/,,installation,5.0
glass_distributor,"Akamai Glass Company, Inc.",CustomerService@AkamaiGlass.com,(808) 833-1111,https://akamaiglass.com/,"1024 Kikowaena Pl Unit B, Honolulu, HI 96819",distribution,4.1
glass_distributor,"Coastal Windows, Inc.",sales@coastalwindows.com,(808) 676-0529,http://coastalwindows.com/,"94-533 Puahi St, Waipahu, HI 96797",distribution,4.7
glass_distributor,Contract Glazing Hawaii,info@cghawaii.com,(808) 841-8700,https://cghawaii.com/,"1074 Mikole St # 3, Honolulu, HI 96819",distribution,2.0
glass_distributor,Diamond Glass & Metals LLC,info@diamondglasshawaii.com,(808) 488-7440,http://www.diamondglasshawaii.com/,"99-134 Waiua Way, Aiea, HI 96701",distribution,
glass_distributor,Discount Windows & Doors,info@discountwindowshawaii.com,(808) 673-6656,https://www.discountwindowshawaii.com/,"45-564 Kamehameha Hwy APT A1, Kaneohe, HI 96744",distribution,4.7
glass_distributor,Hawaii Mirror & Glass,USAhawaiiglass@yahoo.comOFFICE,(808) 847-0267,https://www.hawaiiglass.net/,"748 Gulick Ave, Honolulu, HI 96819",distribution,3.9
glass_distributor,Island Windows & Doors,info@iwdhawaii.com,(808) 657-3790,http://iwdhawaii.com/,"131 Mokauea St, Honolulu, HI 96817",distribution,4.3
glass_distributor,Kailua Glass LLC,richard@kailuaglass.com,(808) 954-2110,http://kailuaglass.net/,"905 Kalanianaʻole Hwy unit D, Kailua, HI 96734",distribution,5.0
glass_distributor,O'ahu Windows & Doors,Prestonpreston@oahuwd.comContact,(808) 783-8528,http://www.oahuwd.com/,,distribution,5.0
glass_distributor,Oahu Frameless Showers,451-0236Office@OahuFrameless.com,(808) 451-0236,https://www.oahuframeless.com/,"905 Kalanianaʻole Hwy #5006, Kailua, HI 96734",distribution,5.0
glass_distributor,"Oahu Metal & Glazing, LLC",info@omglazing.com,(808) 591-1052,https://www.omglazing.com/,"532 Ahui St, Honolulu, HI 96813",distribution,4.8
glass_distributor,"Pearl City Glass Shop, Inc.",sales@pearlcityglass.com,(808) 456-4502,http://pearlcityglass.com/,"659 Kamehameha Hwy, Pearl City, HI 96782",distribution,3.7
glass_distributor,Reflections Glass Company,info@reflections-glass.com,(808) 676-6767,http://reflections-glass.com/,"94-153 Leonui St, Waipahu, HI 96797",distribution,4.4
glass_distributor,Savage Wholesale Building Materials,tacomadoorsales@savagewholesale.comGlass,(808) 833-7411,http://www.savagewholesale.com/,"2918 Ualena St, Honolulu, HI 96819",distribution,5.0
glass_distributor,Sunburst Windows,info@sunbursthawaii.com,(808) 427-1164,https://sunbursthawaii.com/,"905 Kalanianaʻole Hwy #3207, Kailua, HI 96734",distribution,4.7
glass_distributor,The Glass Guru,info@theglassguru.com,(808) 698-6971,https://www.theglassguru.com/locations/honolulu-hi/?utm_source=gmb&utm_medium=profile_website_link,"96-1185 Waihona St c3, Pearl City, HI 96782",distribution,4.6
glass_distributor,Tropical Wholesale,info@tropicalwholesaleonline.com,(808) 263-1252,http://www.tropicalwholesaleonline.com/,"1351 S Beretania St., Honolulu, HI 96814",distribution,4.8
glass_distributor,Window World of Oahu,oahu@windowworld.com,(808) 670-1414,https://www.windowworldofoahu.com/,"905 Kalanianaʻole Hwy Bldg 50 #06, Kailua, HI 96734",distribution,5.0
glass_distributor,"Zion Glass Company, Inc.",441-9905zgcincorp@gmail.comHours,(808) 366-8062,http://www.zionglasscoinc.com/,,distribution,5.0
glass_fabricator,"Akamai Glass Company, Inc.",CustomerService@AkamaiGlass.com,(808) 833-1111,https://akamaiglass.com/,"1024 Kikowaena Pl Unit B, Honolulu, HI 96819",custom work,4.1
glass_fabricator,Custom Glass Shower Doors Honolulu by Pacific Custom Glass,karl@customglassshowerdoor.com,(808) 400-1186,https://customglassshowerdoor.com/custom-glass-shower-doors/honolulu/,,custom work,5.0
glass_fabricator,Diamond Glass & Metals LLC,info@diamondglasshawaii.com,(808) 488-7440,http://www.diamondglasshawaii.com/,"99-134 Waiua Way, Aiea, HI 96701",custom work,
glass_fabricator,Diamond Head Windows & Doors,info@diamondheadwindows.com,(808) 400-7341,https://diamondheadwindows.com/,"99-1093 Iwaena St Bay G, Aiea, HI 96701",custom work,4.1
glass_fabricator,Hawaii Mirror & Glass,USAhawaiiglass@yahoo.comOFFICE,(808) 847-0267,https://www.hawaiiglass.net/,"748 Gulick Ave, Honolulu, HI 96819",custom work,3.9
glass_fabricator,"HoloHolo Screens - Oahu's Window Screen, New Sliding Screen Door, Custom Screen Porch Enclosures, Jalousie Windows",info@holoholoscreens.com,(808) 374-5433,http://holoholoscreens.com/,"94-547 Uke'e St #112, Waipahu, HI 96797",custom work,4.7
glass_fabricator,Island Windows & Doors,info@iwdhawaii.com,(808) 657-3790,http://iwdhawaii.com/,"131 Mokauea St, Honolulu, HI 96817",custom work,4.3
glass_fabricator,J M Glass Inc,general@jmglasshawaii.com,(808) 841-8828,http://www.jmglasshawaii.com/,"2015 Colburn St # A, Honolulu, HI 96819",custom work,5.0
glass_fabricator,Kailua Glass LLC,richard@kailuaglass.com,(808) 954-2110,http://kailuaglass.net/,"905 Kalanianaʻole Hwy unit D, Kailua, HI 96734",custom work,5.0
glass_fabricator,Min Plastics & Supply Inc,sales@minplastics.com,(808) 847-1511,http://www.minplastics.com/,"921 Kaamahu Pl, Honolulu, HI 96817",custom work,4.9
glass_fabricator,"Oahu Metal & Glazing, LLC",info@omglazing.com,(808) 591-1052,https://www.omglazing.com/,"532 Ahui St, Honolulu, HI 96813",custom work,4.8
glass_fabricator,"Pearl City Glass Shop, Inc.",sales@pearlcityglass.com,(808) 456-4502,http://pearlcityglass.com/,"659 Kamehameha Hwy, Pearl City, HI 96782",custom work,3.7
glass_fabricator,Reflections Glass Company,info@reflections-glass.com,(808) 676-6767,http://reflections-glass.com/,"94-153 Leonui St, Waipahu, HI 96797",custom work,4.4
glass_fabricator,Screens & Things,sales@screensandthings.net,(808) 748-3760,http://www.screensandthings.net/,"2960 Mokumoa St, Honolulu, HI 96819",custom work,3.9
glass_fabricator,The Glass Guru,info@theglassguru.com,(808) 698-6971,https://www.theglassguru.com/locations/honolulu-hi/?utm_source=gmb&utm_medium=profile_website_link,"96-1185 Waihona St c3, Pearl City, HI 96782",custom work,4.6
glass_fabricator,Window World of Oahu,oahu@windowworld.com,(808) 670-1414,https://www.windowworldofoahu.com/,"905 Kalanianaʻole Hwy Bldg 50 #06, Kailua, HI 96734",custom work,5.0
glass_fabricator,Z-Glassing & Repair,info@zglassing.com,(808) 722-6200,http://www.zglassing.com/,"220 Puuhale Rd A4, Honolulu, HI 96819",custom work,5.0
glass_supplier,A-BC Glass & Mirrors Company,CustomerService@AkamaiGlass.com,(808) 664-3026,http://www.akamaiglass.com/,"1024 Kikowaena Pl, Honolulu, HI 96819",architectural,
glass_supplier,Ace Auto Glass,info@aceautoglass.net,(808) 847-3217,https://www.aceautoglass.net/kalihi,"2250 Kamehameha Hwy, Honolulu, HI 96819",safety glass,4.5
glass_supplier,"Akamai Glass Company, Inc.",CustomerService@AkamaiGlass.com,(808) 833-1111,https://akamaiglass.com/,"1024 Kikowaena Pl Unit B, Honolulu, HI 96819",wholesale glass,4.1
glass_supplier,Architectural Glass & Aluminum,info@aga-ca.com,(808) 589-0050,http://www.aga-ca.com/,"677 Ala Moana Blvd #700, Honolulu, HI 96813",architectural,
glass_supplier,Architectural Woods,tdthomson@awi-wa.com,(808) 833-1600,http://www.awi-wa.com/,"2312 Kamehameha Hwy, Honolulu, HI 96819",architectural,4.6
glass_supplier,CCI Windows,info@cciwindows.com,(808) 483-0100,https://cciwindows.com/,"99-840 ʻIwaʻiwa St #2, Aiea, HI 96701",safety glass,3.7
glass_supplier,Contract Glazing Hawaii,info@cghawaii.com,(808) 841-8700,https://cghawaii.com/,"1074 Mikole St # 3, Honolulu, HI 96819",wholesale glass,2.0
glass_supplier,Diamond Glass & Metals LLC,info@diamondglasshawaii.com,(808) 488-7440,http://www.diamondglasshawaii.com/,"99-134 Waiua Way, Aiea, HI 96701",architectural,
glass_supplier,Diamond Head Windows & Doors,info@diamondheadwindows.com,(808) 400-7341,https://diamondheadwindows.com/,"99-1093 Iwaena St Bay G, Aiea, HI 96701",architectural,4.1
glass_supplier,"Glass Products Hawaii, Inc.",info@glassproductshawaii.com,(808) 242-7277,http://www.glassproductshawaii.com/,"1810 Wili Pa Loop, Wailuku, HI 96793",safety glass,4.1
glass_supplier,Glass Roots,info@glassrootshawaii.com,(808) 942-5599,http://www.glassrootshawaii.com/,"1423 Kalākaua Ave, Honolulu, HI 96826",wholesale glass,4.6
glass_supplier,Hawaii Mirror & Glass,USAhawaiiglass@yahoo.comOFFICE,(808) 847-0267,https://www.hawaiiglass.net/,"748 Gulick Ave, Honolulu, HI 96819",wholesale glass,3.9
glass_supplier,Island Windows & Doors,info@iwdhawaii.com,(808) 657-3790,http://iwdhawaii.com/,"131 Mokauea St, Honolulu, HI 96817",wholesale glass,4.3
glass_supplier,J M Glass Inc,general@jmglasshawaii.com,(808) 841-8828,http://www.jmglasshawaii.com/,"2015 Colburn St # A, Honolulu, HI 96819",wholesale glass,5.0
glass_supplier,Kailua Glass LLC,richard@kailuaglass.com,(808) 954-2110,http://kailuaglass.net/,"905 Kalanianaʻole Hwy unit D, Kailua, HI 96734",wholesale glass,5.0
glass_supplier,O'ahu Windows & Doors,Prestonpreston@oahuwd.comContact,(808) 783-8528,http://www.oahuwd.com/,,wholesale glass,5.0
glass_supplier,Oahu Frameless Showers,451-0236Office@OahuFrameless.com,(808) 451-0236,https://www.oahuframeless.com/,"905 Kalanianaʻole Hwy #5006, Kailua, HI 96734",wholesale glass,5.0
glass_supplier,"Oahu Metal & Glazing, LLC",info@omglazing.com,(808) 591-1052,https://www.omglazing.com/,"532 Ahui St, Honolulu, HI 96813",wholesale glass,4.8
glass_supplier,"Pearl City Glass Shop, Inc.",sales@pearlcityglass.com,(808) 456-4502,http://pearlcityglass.com/,"659 Kamehameha Hwy, Pearl City, HI 96782",wholesale glass,3.7
glass_supplier,"Pella Windows and Doors Showroom of Honolulu, HI - By Appointment Only",info@pella.com,(808) 841-3200,https://www.pella.com/where-to-buy/showrooms/honolulu-08404/?utm_source=google&utm_medium=organic&utm_campaign=gbp,"560 N Nimitz Hwy Suite 105-B, Honolulu, HI 96817",architectural,2.3
glass_supplier,Reflections Glass Company,info@reflections-glass.com,(808) 676-6767,http://reflections-glass.com/,"94-153 Leonui St, Waipahu, HI 96797",wholesale glass,4.4
glass_supplier,Safelite AutoGlass,info@safelite.com,(808) 762-6370,https://www.safelite.com/stores/Honolulu?utm_source=yext&utm_medium=list&utm_campaign=local&y_source=1_MTc4Njk5NS03MTUtbG9jYXRpb24ud2Vic2l0ZQ%3D%3D,"2815 Koapaka St, Honolulu, HI 96819",wholesale glass,4.4
glass_supplier,Savage Wholesale Building Materials,tacomadoorsales@savagewholesale.comGlass,(808) 833-7411,http://www.savagewholesale.com/,"2918 Ualena St, Honolulu, HI 96819",wholesale glass,5.0
glass_supplier,Screens & Things,sales@screensandthings.net,(808) 748-3760,http://www.screensandthings.net/,"2960 Mokumoa St, Honolulu, HI 96819",wholesale glass,3.9
glass_supplier,The Glass Guru,info@theglassguru.com,(808) 698-6971,https://www.theglassguru.com/locations/honolulu-hi/?utm_source=gmb&utm_medium=profile_website_link,"96-1185 Waihona St c3, Pearl City, HI 96782",wholesale glass,4.6
glass_supplier,Tropical Wholesale,info@tropicalwholesaleonline.com,(808) 263-1252,http://www.tropicalwholesaleonline.com/,"1351 S Beretania St., Honolulu, HI 96814",wholesale glass,4.8
glass_supplier,Window World of Oahu,oahu@windowworld.com,(808) 670-1414,https://www.windowworldofoahu.com/,"905 Kalanianaʻole Hwy Bldg 50 #06, Kailua, HI 96734",wholesale glass,5.0
glass_supplier,"Zion Glass Company, Inc.",441-9905zgcincorp@gmail.comHours,(808) 366-8062,http://www.zionglasscoinc.com/,,wholesale glass,5.0
hospital,Kaiser Permanente Honolulu Medical Office,civil-rights-coordinator@kp.org,(833) 833-3333,https://healthy.kaiserpermanente.org/hawaii/facilities/Kaiser-Permanente-Honolulu-Medical-Office-100446,"1010 Pensacola St, Honolulu, HI 96814",healthcare,4.0
hospital,Kaiser Permanente Moanalua Medical Center,civil-rights-coordinator@kp.org,(808) 432-0000,https://healthy.kaiserpermanente.org/hawaii/facilities/Kaiser-Permanente-Moanalua-Medical-Center-100434,"3288 Moanalua Rd, Honolulu, HI 96819",healthcare,4.4
hospital,Kapi'olani medical center diamond head tower,info@hawaiipacifichealth.org,(808) 983-6000,http://www.hawaiipacifichealth.org/,"1319 Punahou St, Honolulu, HI 96826",healthcare,3.7
hospital,Kapiolani Medical Center for Women & Children - Emergency Room,info@hawaiipacifichealth.org,(808) 983-8633,https://www.hawaiipacifichealth.org/kapiolani/patient-visitors/emergency-department/,"1319 Punahou St, Honolulu, HI 96826",healthcare,4.3
hospital,Kapiʻolani Medical Center for Women & Children,info@hawaiipacifichealth.org,(808) 983-6000,https://www.hawaiipacifichealth.org/kapiolani/,"1319 Punahou St, Honolulu, HI 96826",healthcare,3.6
hospital,Kuakini Medical Center,hr@kuakini.org,(808) 536-2236,https://www.kuakini.org/wps/portal/public/home,"347 N Kuakini St, Honolulu, HI 96817",healthcare,3.7
hospital,Lēʻahi Hospital,hhsc@hhsc.org,(808) 733-8000,https://leahi.hhsc.org/,"3675 Kilauea Ave, Honolulu, HI 96816",healthcare,4.9
hospital,Pali Momi Medical Center,info@hawaiipacifichealth.org,(808) 486-6000,https://www.hawaiipacifichealth.org/pali-momi/locations/pali-momi-medical-center/,"98-1079 Moanalua Rd, Aiea, HI 96701",healthcare,3.7
hospital,Shriners Children's Hawaii,info@shrinerschildrens.org,(808) 941-4466,https://www.shrinerschildrens.org/en/locations/hawaii,"1310 Punahou St, Honolulu, HI 96826",healthcare,4.6
hospital,Spark M. Matsunaga VA Medical Center,info@hawaii.va.gov,(808) 433-0600,https://www.hawaii.va.gov/,"459 Patterson Rd, Honolulu, HI 96819",healthcare,3.4
hospital,St Francis Medical Center,lrasmussen@stfrancishawaii.org,(808) 547-6500,http://www.stfrancishawaii.org/,"2226 Liliha St, Honolulu, HI 96817",healthcare,4.1
hospital,Straub Benioff Medical Center,info@hawaiipacifichealth.org,(808) 522-4000,https://www.hawaiipacifichealth.org/straub/locations/straub-medical-center/,"888 S King St, Honolulu, HI 96813",healthcare,3.9
hospital,The Queen's Health Care Center - Honolulu (Suite 706),info@queens.org,(808) 521-8913,https://www.queens.org/locations/primary-care/queens-healthcare-centers/honolulu/,"1380 Lusitana St Physicians Office Building 1, Suite 706, Honolulu, HI 96813",healthcare,
hospital,The Queen's Health Care Center - Honolulu (Suite 804),info@queens.org,(808) 691-8962,https://www.queens.org/locations/primary-care/queens-healthcare-centers/,"1380 Lusitana St Physicians Office Building 1 Suite 804, Honolulu, HI 96813",healthcare,
hospital,The Queen's Medical Center,,(808) 691-1000,https://www.queens.org/locations/hospitals/qmc/,"1301 Punchbowl St, Honolulu, HI 96813",healthcare,3.4
hospital,The Queen's Medical Center - West Oahu,info@queens.org,(808) 691-3000,https://www.queens.org/locations/hospitals/qmc-west-oahu/,"91-2141 Fort Weaver Rd, Ewa Beach, HI 96706",healthcare,3.5
hospital,The Queen's Medical Center Emergency Room,,(808) 691-4311,http://www.queens.org/,"1301 Punchbowl St, Honolulu, HI 96813",healthcare,3.0
hospital,Tripler Army Medical Center,dha.tripler.Tripler-AMC.mbx.customer-relations-office@health.mil,(888) 683-2778,https://tripler.tricare.mil/,"1 Jarrett White Rd, TRIPLER AMC, HI 96859",healthcare,2.8
hotel,"Airport Honolulu Hotel, Trademark Collection by Wyndham",accessibility@wyndham.com,(808) 447-5654,http://wyndhamhotels.com/hotel/59825,"3401 N Nimitz Hwy, Honolulu, HI 96819",hospitality,3.7
hotel,Ala Moana Honolulu by Mantra,,(808) 955-4811,https://www.alamoanahotelhonolulu.com/,"410 Atkinson Dr, Honolulu, HI 96814",hospitality,4.1
hotel,Aqua Aloha Surf Waikiki Hotel,aquaaston@jeiba.co.jp,(808) 923-0222,https://www.aquaaston.com/hotels/aqua-aloha-surf-waikiki,"444 Kānekapōlei St C3, Honolulu, HI 96815",hospitality,3.4
hotel,Aston Waikiki Circle Hotel,aquaaston@jeiba.co.jp,(808) 923-1571,https://www.aquaaston.com/hotels/aston-waikiki-circle-hotel,"2464 Kalākaua Ave, Honolulu, HI 96815",hospitality,4.1
hotel,Best Western The Plaza Hotel Honolulu Airport,info@bestwestern.com,(808) 836-3636,https://www.bestwestern.com/en_US/book/hotel-rooms.12008.html?iata=00171880&ssob=BLBWI0004G&cid=BLBWI0004G:google:gmb:12008,"3253 N Nimitz Hwy, Honolulu, HI 96819",hospitality,3.8
hotel,Courtyard by Marriott Waikiki Beach,info@marriott.com,(808) 954-4000,https://www.marriott.com/en-us/hotels/hnlow-courtyard-waikiki-beach/overview/?scid=f2ae0541-1279-4f24-b197-a979c79310b0,"400 Royal Hawaiian Ave, Honolulu, HI 96815",hospitality,3.7
hotel,FIRST CABIN INTERNATIONAL HAWAII,Statesinfo@first-cabin.us,(808) 207-5000,https://first-cabin.us/,"Waikiki Business Plaza 14th Floor, 2270 Kalākaua Ave Suite1400, Honolulu, HI 96815",hospitality,3.8
hotel,Hilton Garden Inn Waikiki Beach,info@hilton.com,(808) 892-1820,https://www.hilton.com/en/hotels/hnlkugi-hilton-garden-inn-waikiki-beach/?SEO_id=GMB-AMER-GI-HNLKUGI&y_source=1_MzM1NTMzNi03MTUtbG9jYXRpb24ud2Vic2l0ZQ%3D%3D,"2330 Kūhiō Ave., Honolulu, HI 96815",beachfront hospitality,4.1
hotel,Hilton Hawaiian Village Waikiki Beach Resort,info@hilton.com,(808) 949-4321,https://www.hilton.com/en/hotels/hnlhvhh-hilton-hawaiian-village-waikiki-beach-resort/?SEO_id=GMB-AMER-HH-HNLHVHH&y_source=1_NzIxNzUzLTcxNS1sb2NhdGlvbi53ZWJzaXRl,"2005 Kālia Rd, Honolulu, HI 96815",hospitality,4.2
hotel,Hilton Waikiki Beach Resort & Spa,info@hilton.com,(808) 922-0811,https://www.hilton.com/en/hotels/hnlwahf-hilton-waikiki-beach-resort-and-spa/?SEO_id=GMB-AMER-HH-HNLWAHF&y_source=1_MTIyMDg1MC03MTUtbG9jYXRpb24ud2Vic2l0ZQ%3D%3D,"2500 Kūhiō Ave., Honolulu, HI 96815",beachfront hospitality,4.0
hotel,Holiday Inn Express Waikiki by IHG,reservations@hiexwaikiki.com,(808) 947-2828,https://www.ihg.com/holidayinnexpress/hotels/us/en/honolulu/hnlka/hoteldetail?cm_mmc=GoogleMaps-_-EX-_-US-_-HNLKA,"2058 Kūhiō Ave., Honolulu, HI 96815",hospitality,3.9
hotel,Hyatt Place Waikiki Beach,info@hyatt.com,(808) 922-3861,https://www.hyatt.com/hyatt-place/en-US/hnlzw-hyatt-place-waikiki-beach?src=corp_lclb_google_seo_hnlzw&utm_source=google&utm_medium=organic&utm_campaign=lmr,"175 Paoakalani Ave, Honolulu, HI 96815",beachfront hospitality,4.2
hotel,Hyatt Regency Waikiki Beach Resort and Spa,info@hyatt.com,(808) 923-1234,https://www.hyatt.com/hyatt-regency/en-US/hnlrw-hyatt-regency-waikiki-beach-resort-and-spa?src=corp_lclb_google_seo_hnlrw&utm_source=google&utm_medium=organic&utm_campaign=lmr,"2424 Kalākaua Ave, Honolulu, HI 96815",beachfront hospitality,4.3
hotel,Lotus Honolulu at Diamond Head,aloha@lotushonolulu.com,(808) 922-1700,http://lotushonoluluhotel.com/?utm_source=google&utm_medium=organic&utm_campaign=business_listing,"2885 Kalākaua Ave, Honolulu, HI 96815",hospitality,4.5
hotel,"Moana Surfrider, A Westin Resort & Spa, Waikiki Beach",info@marriott.com,(808) 922-3111,https://www.marriott.com/en-us/hotels/hnlwi-moana-surfrider-a-westin-resort-and-spa-waikiki-beach/overview/?scid=f2ae0541-1279-4f24-b197-a979c79310b0,"2365 Kalākaua Ave, Honolulu, HI 96815",beachfront hospitality,4.4
hotel,OUTRIGGER Reef Waikiki Beach Resort,info@outrigger.com,(808) 923-3111,https://www.outrigger.com/hawaii/oahu/outrigger-reef-waikiki-beach-resort,"2169 Kālia Rd, Honolulu, HI 96815",beachfront hospitality,4.5
hotel,OUTRIGGER Waikīkī Paradise Hotel,info@outrigger.com,(808) 922-5353,https://www.outrigger.com/hawaii/oahu/outrigger-waikiki-paradise-hotel,"150 Kaʻiulani Ave, Honolulu, HI 96815",beachfront hospitality,4.0
hotel,Ohia Waikiki Studio Suites,aloha@ohiawaikiki.com,(808) 926-6442,https://www.ohiawaikiki.com/?utm_source=GMB&utm_medium=listing&utm_campaign=GMB,"2280 Kūhiō Ave., Honolulu, HI 96815",hospitality,3.1
hotel,Outrigger Waikiki Beach Resort,info@outriggerwaikikihotel.com,(808) 923-0711,https://www.outriggerwaikikihotel.com/,"2335 Kalākaua Ave, Honolulu, HI 96815",hospitality,4.5
hotel,Pacific Marina Inn,aloha@pacificmarinainn.com,(808) 836-1131,https://www.pacificmarinainn.com/?utm_source=google&utm_medium=organic&utm_campaign=gbp,"2628 Waiwai Loop, Honolulu, HI 96819",hospitality,3.3
hotel,Pagoda Hotel,reservations@pagodahotel.com,(808) 941-6611,https://www.pagodahotel.com/?utm_source=google-gbl&utm_medium=organic&utm_campaign=website-gbl,"1525 Rycroft St, Honolulu, HI 96814",hospitality,3.7
hotel,Park Shore Waikiki Hotel,info@parkshorewaikiki.com,(808) 923-0411,http://www.parkshorewaikiki.com/,"2586 Kalākaua Ave, Honolulu, HI 96815",hospitality,4.2
hotel,Sheraton Princess Kaiulani Waikiki Beach,info@marriott.com,(808) 922-5811,https://www.marriott.com/en-us/hotels/hnlks-sheraton-princess-kaiulani-waikiki-beach/overview/?scid=f2ae0541-1279-4f24-b197-a979c79310b0,"120 Kaʻiulani Ave, Honolulu, HI 96815",beachfront hospitality,3.9
hotel,Sheraton Waikiki Beach Resort,info@marriott.com,(808) 922-4422,https://www.marriott.com/en-us/hotels/hnlws-sheraton-waikiki-beach-resort/overview/?scid=f2ae0541-1279-4f24-b197-a979c79310b0,"2255 Kalākaua Ave, Honolulu, HI 96815",beachfront hospitality,4.4
hotel,Stay Hotel Waikiki,res@stayhotelwaikiki.com,(808) 923-7829,http://www.stayhotelwaikiki.com/,"2424 Koa Ave, Honolulu, HI 96815",hospitality,3.5
hotel,"The Royal Hawaiian, a Luxury Collection Resort, Waikiki",info@marriott.com,(808) 923-7311,https://www.marriott.com/en-us/hotels/hnllc-the-royal-hawaiian-a-luxury-collection-resort-waikiki/overview/?scid=f2ae0541-1279-4f24-b197-a979c79310b0,"2259 Kalākaua Ave, Honolulu, HI 96815",beachfront hospitality,4.4
hotel,The Twin Fin Hotel,info@twinfinwaikiki.com,(808) 922-2511,https://www.twinfinwaikiki.com/?utm_source=google-gbp&utm_medium=organic&utm_campaign=gbp,"2570 Kalākaua Ave, Honolulu, HI 96815",beachfront hospitality,4.0
hotel,Waikiki Beach Marriott Resort & Spa,info@marriott.com,(808) 922-6611,https://www.marriott.com/en-us/hotels/hnlmc-waikiki-beach-marriott-resort-and-spa/overview/?scid=f2ae0541-1279-4f24-b197-a979c79310b0,"2552 Kalākaua Ave, Honolulu, HI 96815",hospitality,4.3
hotel,Waikiki Heritage Hotel,reservations@waikikiheritagehotel.com,(808) 260-1061,https://www.waikikiheritagehotel.com/,"260 Beach Walk #101, Honolulu, HI 96815",hospitality,2.8
hotel,Waikiki Resort Hotel,info@waikikiresort.com,(808) 922-4911,https://www.waikikiresort.com/,"2460 Koa Ave, Honolulu, HI 96815",hospitality,4.0
hotel,‘Alohilani Resort Waikiki Beach,info@alohilaniresort.com,(808) 922-1233,https://www.alohilaniresort.com/,"2490 Kalākaua Ave, Honolulu, HI 96815",hospitality,4.1
office,Ala Moana Building,info@brookfieldpropertiesretail.com,(808) 946-2811,https://www.brookfieldpropertiesretail.com/properties/property-details/ala-moana-building.html,"1441 Kapiolani Blvd, Honolulu, HI 96814",commercial office,4.4
office,City Financial Tower,info@cityfinancialtower.com,(808) 526-4091,http://www.cityfinancialtower.com/,"201 Merchant St, Honolulu, HI 96813",commercial office,4.4
office,Pauahi Tower,email@email.com,(808) 545-7500,https://www.douglasemmett.com/Bishop-Square,"1003 Bishop St, Honolulu, HI 96813",commercial office,4.4
office,Waikiki Galleria Tower,info@waikikigalleriatower.com,(808) 971-9011,http://waikikigalleriatower.com/,"2222 Kalākaua Ave, Honolulu, HI 96815",commercial office,3.9
painter,"Aloha Painting Company, Inc.",info@alohapaintingcompany.com,(808) 485-4922,http://alohapaintingcompany.com/,,commercial painting,5.0
painter,Bernardo's Painting,info@bernardospainting.com,(808) 384-0864,https://bernardospainting.com/?local=true,"94-716 Lanikuhana Ave, Mililani, HI 96789",commercial painting,4.9
painter,Canencia Painting,info@oahuhousepainters.com,(808) 470-5626,https://www.oahuhousepainters.com/,"91-1798 Kupeleko Pl, Ewa Beach, HI 96706",commercial painting,5.0
painter,DG Island Wide Painting,dgislandwidepainting@yahoo.com,(808) 216-4457,http://www.dgislandwidepainting.com/,,commercial painting,5.0
painter,DK Painting,info@dkpaintinghawaii.com,(808) 780-1520,https://dkpaintinghawaii.com/contact-us/,"940 Ainapo St, Honolulu, HI 96825",commercial painting,5.0
painter,Diamond Painting,Diamondpaintingoahu@gmail.com,(808) 829-9433,https://diamondpaintingoahu.com/,"4174 Koko Dr, Honolulu, HI 96816",commercial painting,5.0
painter,Hawaii Painters 808,info@housepaintershonolulu.com,(808) 272-3816,https://housepaintershonolulu.com/,"3215 Ala Ilima St, Honolulu, HI 96818",commercial painting,5.0
painter,Impact Painting,info@impactpainting.com,(808) 753-4221,http://impactpainting.com/,"819 Moowaa St # 209, Honolulu, HI 96817",commercial painting,5.0
painter,Island Coating LLC,Islandcoatingllc@gmail.comHoursOpen,(808) 520-5626,https://islandcoatingllc.com/,"821 Olokele Ave, Honolulu, HI 96816",commercial painting,5.0
painter,"JD Painting & Decorating, Inc.",info@jdpainting.com,(808) 841-7100,https://jdpainting.com/,"2809 Mokumoa St, Honolulu, HI 96819",commercial painting,4.2
painter,Kawika's Painting Inc.,info@kawikaspainting.com,(808) 848-0003,http://www.kawikaspainting.com/,"2143 Eluwene St, Honolulu, HI 96819",commercial painting,2.5
painter,Oahu Pro Painters,info@oahupropainters.com,(808) 488-8338,https://www.oahupropainters.com/?utm_source=GBP&utm_medium=organic&utm_campaign=Aiea_website,"99-048 Koaha Way Suite 3, Aiea, HI 96701",commercial painting,4.5
painter,Paradise Painting LLC,soon.paradisepaintingoahu@gmail.comPhone,(808) 699-7984,https://paradisepaintinghi.com/,"2021 Nu Pl APT C, Honolulu, HI 96817",commercial painting,5.0
painter,Parnell Custom Painting,parnellpainting@gmail.com,(808) 398-0545,https://parnellcustompainting.com/,"3260 Olu St, Honolulu, HI 96816",commercial painting,5.0
painter,Premier Painters Hawaii,info@oahuinteriorpainting.com,(808) 793-6644,https://www.oahuinteriorpainting.com/,,commercial painting,4.9
painter,Primo Custom Painting LLC,info@primohawaii.com,(808) 368-6270,https://primohawaii.com/,"7018 Hawaii Kai Dr, Honolulu, HI 96825",commercial painting,4.8
painter,Raymond's Painting Co,842-1117raymondsptgco@aol.com,(808) 842-1117,http://www.raymondspaintinghawaii.com/,"904 Hikina Ln, Honolulu, HI 96817",commercial painting,4.9
property_management,Agency Rentals,info@agencyhawaii.com,(808) 944-9000,http://www.agencyhawaii.com/,"1712 S King St #201, Honolulu, HI 96826",building management,4.7
property_management,Associa Hawaii,info@associahawaii.comP,(808) 836-0911,https://www.associahawaii.com/?utm_source=gmb&utm_medium=Yext&y_source=1_Mjc2NjU5MDctNzE1LWxvY2F0aW9uLndlYnNpdGU%3D,"737 Bishop St #3100, Honolulu, HI 96813",building management,4.6
property_management,Avatina Luxury Real Estate,thomas@avatina.com,(808) 466-8342,https://www.avatinapropertymanagement.com/,"74 Kihapai St, Kailua, HI 96734",building management,4.0
property_management,BlackRock Property Management,BlackRockHI@gmail.com,(808) 672-2526,http://www.blackrockhi.com/,"1441 Kapiolani Blvd #1115, Honolulu, HI 96814",building management,5.0
property_management,Captain Cook Real Estate,info@hawaiiproperty.comCaptain,,http://www.captaincookrealestate.com/,"1012 Kapahulu Ave #110, Honolulu, HI 96816",building management,4.3
property_management,Cornerstone Properties,info@cornerstonehawaii.com,(808) 484-1211,http://www.cornerstonehawaii.com/,"99-122 Hapuku St, Aiea, HI 96701",building management,4.7
property_management,Damon Hawaii Pacific International Properties - Best Residential & Commercial Real Estate Agents and Realtor in Honolulu,damon@hawaiidamon.com,(808) 358-2331,http://live.hawaiidamon.com/,"1050 Queen St # 100, Honolulu, HI 96814",commercial,5.0
property_management,Dower Realty Inc,dower@dower.com,(808) 735-8838,http://www.dowerrealty.com/,"3566 Harding Ave Ste 203 Suite 203, Honolulu, HI 96816",building management,4.3
property_management,HappyDoors Property Management,info@happydoorspropertymanagement.com,(808) 800-4152,http://www.happydoorspropertymanagement.com/,"1236 S King St # 202, Honolulu, HI 96814",building management,4.4
property_management,Hawaii Coastal Property Management,info@hicoastal.com,(808) 427-7778,https://hicoastal.com/honolulu-property-management,"500 Ala Moana Blvd ste 7-400, Honolulu, HI 96813",commercial,5.0
property_management,Hawaii Pacific Property Management,Info@HIPacificPM.com,(808) 445-9223,http://hipacificpm.com/?UTM_source=GMB_listing&UTM_medium=organic,"99-209 Moanalua Rd #305, Aiea, HI 96701",building management,4.6
property_management,Hawaii Property Advisors,clients@hpahomes.com,(808) 223-9222,https://www.hpahomes.com/,"500 Ala Moana Blvd ste 7-400, Honolulu, HI 96813",commercial,5.0
property_management,Hawaii Sands Realty,info@hawaiisands.com,(808) 664-3084,http://www.hawaiisands.com/,"1888 Kalākaua Ave Suite C-312, Honolulu, HI 96815",building management,4.9
property_management,"Hawaiiana Management Company, Ltd.",808-440-5530paymentinquiry@hmcmgt.comContact,(808) 593-9100,https://www.hmcmgt.com/,"711 Kapiolani Blvd Suite 700, Honolulu, HI 96813",building management,1.8
property_management,HomeRiver Group Honolulu Property Management,accessibility@homeriver.com,(808) 300-4883,https://www.homeriver.com/hawaii/honolulu-property-management,"500 Ala Moana Blvd, Honolulu, HI 96813",building management,3.0
property_management,"Ideal Properties, Inc.",idealpropertiesinc@yahoo.com,(808) 593-9776,https://sites.google.com/view/idealhawaii/home,"975 Kapiolani Blvd, Honolulu, HI 96814",commercial,4.3
property_management,"Kaleo Ahina Realtor - Engel & Völkers Honolulu Kahala Best Real Estate Agent in Kailua, Hawaii",kaleo@hawaiirealtygrp.com,(808) 542-6744,http://www.hawaiirealtygrp.com/,"4210 Waialae Ave #119, Honolulu, HI 96816",commercial,5.0
property_management,Lani Properties Corp CPM,admin@laniproperties.com,(808) 521-0081,http://www.laniproperties.com/,"50 S Beretania St. Suite C-209, Honolulu, HI 96813",building management,3.3
property_management,Locations Property Management,info@locationsrentals.com,(808) 738-3100,http://www.locationsrentals.com/,"614 Kapahulu Ave, Honolulu, HI 96815",building management,4.6
property_management,Marcus Property Management,info@marcushawaii.com,(808) 839-7446,https://www.marcushawaii.com/,"1045 Mapunapuna St, Honolulu, HI 96819",building management,4.4
property_management,Marie Hansen Property Management | Property Management Honolulu,admin@mhprops.net,(808) 465-4547,https://www.mariehansenproperties.com/?utm_campaign=gmb&utm_medium=gmb&utm_source=google,"3124 Brokaw St, Honolulu, HI 96815",building management,4.6
property_management,"Minster Management, LLC",96813Info@MinsterManagement.com,(808) 470-5151,http://www.minstermanagement.com/,"1003 Bishop St Suite 2700, Honolulu, HI 96813",commercial,4.7
property_management,NAI CBI Hawaii,info@cbi-hawaii.com,(808) 942-7100,https://cbi-hawaii.com/,"1712 S King St #201, Honolulu, HI 96826",commercial,4.1
property_management,Neal Fineman Property Management,info@nfpmteam.com,(808) 353-4732,https://www.nfpmteam.com/,"949 McCully St #11, Honolulu, HI 96826",building management,4.9
property_management,Oishi's Property Management,info@oishis.net,(808) 949-9499,https://oishis.net/honolulu.html,"750 Amana St STE 101, Honolulu, HI 96814",building management,3.4
property_management,Real Property Management Honolulu,info@rpmhonolulu.com,(808) 445-9500,https://www.rpmhonolulu.com/?cid=LSTL_RPM000203&utm_source=gmb&utm_campaign=local&utm_medium=organic,"733 Bishop St Suite 2050-C, Honolulu, HI 96813",building management,4.3
property_management,SUN PROPERTIES LLC,Accessibility@incomrealestate.com,(808) 824-3511,http://www.sun.properties/,"1888 Kalākaua Ave, Honolulu, HI 96815",commercial,4.6
property_management,Standard Commercial LLC,info@standardcommercial.com,(808) 208-8100,http://standardcommercial.com/,"201 Merchant St #2228, Honolulu, HI 96813",commercial,5.0
property_management,The Boulevard | Property Management,realtor@arthurvalera.comBrokered,(808) 650-3325,https://www.theboulevardpm.com/,"500 Ala Moana Blvd Ste 7400 # 3829, Honolulu, HI 96813",building management,5.0
retail,Aina Haina Shopping Center,info@ainahainashoppingcenter.com,(808) 732-7736,https://ainahainashoppingcenter.com/,"820 W Hind Dr, Honolulu, HI 96821",retail complex,4.2
retail,Ala Moana Center,PRESS@BROOKFIELDPROPERTIES.COM,(808) 955-9517,https://www.alamoanacenter.com/en,"1450 Ala Moana Blvd, Honolulu, HI 96814",retail complex,4.4
retail,Hawaiʻi Kai Towne Center,info@hawaiikaitownecenter.com,(808) 396-0766,http://www.hawaiikaitownecenter.com/,"333 Keahole St, Honolulu, HI 96825",retail complex,4.3
retail,Kahala Mall,kminfo@kahalamallcenter.com,(808) 732-7736,http://www.kahalamallcenter.com/,"4211 Waialae Ave, Honolulu, HI 96816",retail complex,4.3
retail,Kamehameha Shopping Center,marketingksc@gmail.com,(808) 848-1011,http://kamehamehashoppingcenter.com/,"1620 N School St, Honolulu, HI 96817",retail complex,4.1
retail,Kapahulu Shopping Center,info@kapahulushoppingcenter.com,,http://www.kapahulushoppingcenter.com/,"830 Kapahulu Ave, Honolulu, HI 96816",retail complex,4.4
retail,Koko Marina Center,info@kokomarinacenter.com,(808) 395-4737,http://kokomarinacenter.com/,"7192 Kalanianaʻole Hwy, Honolulu, HI 96825",retail complex,4.3
retail,Market City Shopping Center,info@marketcityhawaii.com,(808) 734-0282,http://www.marketcityhawaii.com/,"2919 Kapiolani Blvd #2, Honolulu, HI 96826",retail complex,4.1
retail,Moanalua Shopping Center,info@amzn.to,,https://amzn.to/4iCCFAr,"2810 Valkenburgh St, Honolulu, HI 96818",retail complex,4.3
retail,Navy Exchange Mall,info@mynavyexchange.com,(808) 423-3344,https://www.mynavyexchange.com/storelocator/storedetails.jsp?storeid=437,"4725 Bougainville Dr Building 631, Honolulu, HI 96818",retail complex,4.6
retail,Royal Hawaiian Center,info@royalhawaiiancenter.com,(808) 922-2299,https://www.royalhawaiiancenter.com/,"2201 Kalākaua Ave, Honolulu, HI 96815",retail complex,4.4
retail,Salt Lake Shopping Center,GoEV@hawaiianelectric.com.Below,(808) 735-8822,http://saltlakeshoppingcenter.com/,"848 Ala Lilikoi St, Honolulu, HI 96818",retail complex,4.1
retail,South Shore Market,info@wardvillage.com,(808) 591-8411,https://www.wardvillage.com/centers/south-shore-market/,"1170 Auahi St, Honolulu, HI 96814",retail complex,4.2
retail,Waikele Premium Outlets,onlinesupport@shopsimon.com,(808) 676-5656,https://www.premiumoutlets.com/outlet/waikele,"94-790 Lumiaina St, Waipahu, HI 96797",retail complex,4.2
retail,Waikiki Beach Walk,guestservices@embassysuiteswaikiki.com,(808) 931-3591,http://waikikibeachwalk.com/,"227 Lewers St, Honolulu, HI 96815",retail complex,4.5
retail,Waikiki Shopping Plaza,info@waikikishoppingplaza.com,(808) 923-1191,https://waikikishoppingplaza.com/,"2250 Kalākaua Ave, Honolulu, HI 96815",retail complex,4.2
retail,Windward Mall,info@windwardmall.com,(808) 235-1143,https://www.windwardmall.com/?utm_source=google-business-profile&utm_medium=organic&utm_campaign=business-listing&utm_id=3411,"46-056 Kamehameha Hwy, Kaneohe, HI 96744",retail complex,4.4
school,Assets High School,,(808) 423-1356,http://www.assets-school.org/,"913 Alewa Dr, Honolulu, HI 96817",education,
school,Chaminade University of Honolulu,info@chaminade.edu,(808) 735-4711,https://www.chaminade.edu/,"3140 Waialae Ave, Honolulu, HI 96816",education,4.3
school,Damien Memorial School,limos@damien.edu,(808) 841-0195,http://damien.edu/,"1401 Houghtailing St, Honolulu, HI 96817",education,
school,Hanahau‘oli School,949-6461info@hanahauoli.org,(808) 949-6461,https://www.hanahauoli.org/,"1922 Makiki St, Honolulu, HI 96822",education,
school,Hawaii Baptist Academy High School,preschool@hba.net,(808) 595-6301,https://www.hba.net/,"2429 HI-61, Honolulu, HI 96817",education,
school,Hawaiian Mission Academy (High School Campus),info@hawaiianmissionacademy.org,(808) 536-2207,http://hawaiianmissionacademy.org/,"1438 Pensacola St, Honolulu, HI 96822",education,
school,Hawaiian Mission Academy Ka Lama Iki,secretary@kalamaiki.org,(808) 949-2033,http://www.kalamaiki.org/,"1415 Makiki St, Honolulu, HI 96814",education,
school,Holy Nativity School,admissions@holynativityschool.org,(808) 373-3232,http://holynativityschool.org/,"5286 Kalanianaʻole Hwy, Honolulu, HI 96821",education,
school,Hongwanji Mission School,connectwithhms@hongwanji.us,(808) 532-0522,http://www.hongwanji-missionschool.com/,"1728 Pali Hwy, Honolulu, HI 96813",education,
school,Honolulu Waldorf School,admissions@honoluluwaldorf.org,(808) 377-5471,http://www.honoluluwaldorf.org/,"350 Ulua St, Honolulu, HI 96821",education,
school,Kaimuki Christian School,kcs@kaimukichristian.org,(808) 732-1781,http://www.kaimukichristianschool.org/,"1117 Koko Head Ave, Honolulu, HI 96816",education,
school,Kamehameha Schools - Kapālama Campus,info@ksbe.edu,(808) 842-8211,https://www.ksbe.edu/,"1887 Makuakane St, Honolulu, HI 96817",education,4.6
school,Kawaiahaʻo Church School,info@kawaiahaoschool.org,(808) 585-0622,http://www.kawaiahaoschool.org/,"872 Mission Ln, Honolulu, HI 96813",education,
school,La Pietra - Hawaiʻi School for Girls,info@lapietra.edu,(808) 922-2744,http://www.lapietra.edu/,"2933 Poni Moi Rd, Honolulu, HI 96815",education,
school,"Mary, Star of the Sea School",info@starofthesea.org,(808) 734-0208,https://www.starofthesea.org/,"4469 Malia St, Honolulu, HI 96821",education,
school,Mid-Pacific Institute,esoffice@midpac.edu,(808) 973-5000,http://www.midpac.edu/,"2445 Kaala St, Honolulu, HI 96822",education,
school,St. Andrew's Schools,info@standrewsschools.org,(808) 536-6102,http://www.standrewsschools.org/,"224 Queen Emma Square, Honolulu, HI 96813",education,
school,Variety School of Hawaii,info@varietyschool.org,(808) 732-2835,http://varietyschool.org/,"710 Palekaua St, Honolulu, HI 96816",education,
school,Waolani Judd Nazarene School,office@wjns.org,(808) 531-5252,http://www.wjns.org/,"408 Judd St, Honolulu, HI 96817",education,
school,‘Iolani School,info@iolani.org,(808) 949-5355,http://www.iolani.org/,"563 Kamoku St, Honolulu, HI 96826",education,
